iteration,energy
0,10.281222840827699
1,9.344009996011529
2,6.892960064959186
3,6.30583911012593
4,5.841560220512034
5,5.497163004880083
6,5.223377913507121
7,4.999750860249696
8,4.813305921749539
9,4.655562953294963
10,4.520613387972112
11,4.404161167988411
12,4.302977171138481
13,4.214570082820684
14,4.136977037119294
15,4.068624615584966
16,4.00823321814206
17,3.9547492891588973
18,3.907296070357364
19,3.8651370519088397
20,3.827648354438968
21,3.7942975335184435
22,3.7646270922356724
23,3.73824150300627
24,3.714796883332509
25,3.6939927045258436
26,3.675565075511229
27,3.6592812594620456
28,3.6449351643211276
29,3.6323436091488457
30,3.6213432133116226
31,3.611787789276467
32,3.6035461453171234
33,3.5965002239473973
34,3.59054351693125
35,3.585579709397369
36,3.581521514725071
37,3.578289669069935
38,3.57581206010925
39,3.5740229691447594
40,3.572862409357105
41,3.5722755459566806
42,3.5722121863676737
43,3.5726263305309036
44,3.5734757730059314
45,3.574721749863832
46,3.576328624443978
47,3.5782636069446605
48,3.5804965035631438
49,3.5829994915231635
50,3.585746916849681
51,3.5887151121889795
52,3.5918822323422415
53,3.595228105493796
54,3.598734098380905
55,3.6023829938783827
56,3.6061588796647728
57,3.6100470468022894
58,3.614033897205289
59,3.618106859094583
60,3.6222543096409416
61,3.6264655040930256
62,3.6307305107647285
63,3.6350401513264607
64,3.6393859459055924
65,3.64376006255438
66,3.6481552706904297
67,3.652564898155598
68,3.656982791575557
69,3.661403279734118
70,3.665821139704647
71,3.6702315655061413
72,3.6746301390736713
73,3.679012803352997
74,3.6833758373466465
75,3.6877158329548645
76,3.6920296734688343
77,3.6963145135865365
78,3.700567760832842
79,3.7047870582759717
80,3.708970268441592
81,3.713115458334318
82,3.717220885483942
83,3.721284984940587
84,3.72530635714924
85,3.729283756639765
86,3.733216081473648
87,3.7371023633933858
88,3.7409417586247633
89,3.744733539286057
90,3.7484770853618525
91,3.752171877202351
92,3.7558174885120357
93,3.7594135797942614
94,3.7629598922209104
95,3.7664562418984344
96,3.7699025145037486
97,3.7732986602654606
98,3.7766446892675245
99,3.779940667054218
100,3.783186710516732
101,3.786382984043093
102,3.7895296959144646
103,3.7926270949319343
104,3.795675467259135
105,3.7986751334669933
106,3.8016264457677664
107,3.804529785426532
108,3.8073855603390023
109,3.8101942027652784
110,3.8129561672099292
111,3.815671928439301
112,3.8183419796276805
113,3.8209668306243803
114,3.8235470063344246
115,3.8260830452058734
116,3.8285754978174102
117,3.831024925560119
118,3.8334318994077865
119,3.835796998770469
120,3.838120810426344
121,3.840403927527205
122,3.842646948673255
123,3.84485047705309
124,3.8470151196450826
125,3.8491414864765203
126,3.851230189937171
127,3.8532818441441052
128,3.855297064354781
129,3.857276466425638
130,3.85922066631354
131,3.8611302796176665
132,3.863005921159483
133,3.86484820459865
134,3.866657742082867
135,3.8684351439296534
136,3.870181018338346
137,3.8718959711306002
138,3.8735806055177804
139,3.8752355218937966
140,3.876861317651925
141,3.8784585870243826
142,3.8800279209433284
143,3.881569906922185
144,3.883085128956192
145,3.884574167441165
146,3.8860375991094482
147,3.8874759969822836
148,3.888889930337597
149,3.890279964692571
150,3.8916466618001313
151,3.892990579658753
152,3.8943122725348798
153,3.8956122909973754
154,3.896891181963481
155,3.898149488755645
156,3.899387751168893
157,3.900606505548139
158,3.9018062848751165
159,3.9029876188644907
160,3.904151034068803
161,3.905297053991954
162,3.9064261992108316
163,3.907538987504921
164,3.908635933993565
165,3.9097175512806586
166,3.9107843496066037
167,3.9118368370073076
168,3.9128755194800884
169,3.913900901156297
170,3.9149134844806146
171,3.915913770396849
172,3.916902258540162
173,3.9178794474356917
174,3.9188458347034953
175,3.919801917269761
176,3.9207481915843254
177,3.9216851538444306
178,3.9226133002248167
179,3.9235331271140756
180,3.9244451313574427
181,3.925349810505977
182,3.92624766307224
183,3.9271391887926224
184,3.9280248888963465
185,3.928905266381318
186,3.929780826296934
187,3.9306520760340193
188,3.93151952562208
189,3.9323836880339904
190,3.933245079498385
191,3.934104219819942
192,3.934961632707769
193,3.935817846112176
194,3.9366733925700736
195,3.9375288095592977
196,3.9383846398621283
197,3.939241431938366
198,3.940099740308258
199,3.9409601259456593
200,3.9418231566817843
201,3.942689407619972
202,3.9435594615618337
203,3.9444339094452876
204,3.945313350794886
205,3.9461983941849548
206,3.9470896577160466
207,3.947987769505249
208,3.9488933681909026
209,3.9498071034523603
210,3.9507296365453533
211,3.9516616408536844
212,3.9526038024578694
213,3.953556820721541
214,3.9545214088962757
215,3.955498294745712
216,3.9564882211898045
217,3.957491946970015
218,3.9585102473364926
219,3.959543914758108
220,3.960593759656414
221,3.961660611164654
222,3.9627453179128422
223,3.9638487488402285
224,3.9649717940363396
225,3.966115365611909
226,3.9672803986011447
227,3.968467851896757
228,3.96967870921931
229,3.970913980122516
230,3.9721747010362156
231,3.973461936348834
232,3.9747767795312523
233,3.9761203543040766
234,3.9774938158505013
235,3.978898352076928
236,3.9803351849238586
237,3.9818055717294416
238,3.98331080664843
239,3.984852222129363
240,3.9864311904529037
241,3.9880491253345953
242,3.9897074835952595
243,3.9914077669027477
244,3.9931515235886876
245,3.9949403505442795
246,3.9967758951994123
247,3.998659857589565
248,4.000593992515322
249,4.002580111799614
250,4.0046200866480515
251,4.006715850118176
252,4.008869399703755
253,4.01108280004068
254,4.013358185741405
255,4.01569776436542
256,4.018103819533684
257,4.020578714195432
258,4.023124894056513
259,4.0257448911788485
260,4.028441327761383
261,4.03121692011362
262,4.034074482833536
263,4.037016933202612
264,4.040047295811545
265,4.043168707431255
266,4.0463844221448175
267,4.0496978167571305
268,4.05311239650034
269,4.056631801054514
270,4.060259810904297
271,4.0640003540541745
272,4.067857513126435
273,4.071835532867939
274,4.075938828093919
275,4.080171992098992
276,4.084539805568413
277,4.089047246024804
278,4.09369949784888
279,4.098501962915538
280,4.103460271890329
281,4.108580296235044
282,4.113868160975274
283,4.1193302582872935
284,4.124973261966733
285,4.130804142846725
286,4.136830185239437
287,4.143059004481319
288,4.149498565669681
289,4.156157203686259
290,4.163043644612107
291,4.1701670286479615
292,4.177536934664859
293,4.185163406521687
294,4.193056981299399
295,4.2012287196162
296,4.209690238204021
297,4.218453744944535
298,4.227532076582675
299,4.236938739357812
300,4.246687952817105
301,4.256794697102995
302,4.267274764037194
303,4.278144812357536
304,4.2894224275020925
305,4.301126186377295
306,4.31327572759452
307,4.325891827712679
308,4.338996484084177
309,4.352613004968596
310,4.366766107653679
311,4.381482025407928
312,4.396788624184139
313,4.412715530100559
314,4.429294268846834
315,4.446558418298059
316,4.464543775773522
317,4.4832885415495785
318,4.502833520431103
319,4.5232223434057905
320,4.544501711653291
321,4.566721665460307
322,4.58993588090676
323,4.61420199754104
324,4.639581980657744
325,4.6661425222339235
326,4.693955485072528
327,4.723098395248176
328,4.75365498855248
329,4.785715817293969
330,4.81937892451833
331,4.85475059347058
332,4.891946180908115
333,4.931091043667046
334,4.972321568645854
335,5.015786317039665
336,5.061647294146914
337,5.110081356246732
338,5.161281765722421
339,5.215459904515409
340,5.272847153757688
341,5.333696943521677
342,5.398286970316645
343,5.4669215702548515
344,5.539934221363465
345,5.6176901275408575
346,5.700588806806494
347,5.78906656478766
348,5.883598677137136
349,5.984701027457087
350,6.092930845626795
351,6.208886060839902
352,6.333202621527131
353,6.466548942280523
354,6.609616425838465
355,6.7631048005063406
356,6.927700857060277
357,7.104049143036266
358,7.292713394185794
359,7.494128108386365
360,7.708540869930126
361,7.935947952455645
362,8.176028383748616
363,8.428084811373731
364,8.691002542615518
365,8.963239945591763
366,9.242862479751654
367,9.527627463693705
368,9.81511673777196
369,10.102901391442705
370,10.388711385187296
371,10.670579105455614
372,10.946932717781179
373,11.21662974222674
374,11.478936179405423
375,11.733464954935926
376,11.980086892632492
377,12.218818920522535
378,12.44967899987655
379,12.672474312945365
380,12.886457828235994
381,13.089765561192324
382,13.278634977307746
383,13.446982866339713
384,13.588678837045483
385,13.705677792115187
386,13.81091513642582
387,13.900172828153178
388,13.957593872046445
389,14.001317914990008
390,14.044447577686674
391,14.087804782044248
392,14.13185701694733
393,14.176644498862924
394,14.222144017252369
395,14.268281408341625
396,14.314977002069307
397,14.362150001993953
398,14.409725574034658
399,14.45763515683658
400,14.505817065955709
401,14.55421591644838
402,14.602782242850397
403,14.651472059072669
404,14.700246665286452
405,14.749072652342997
406,14.797922171411122
407,14.846773449052604
408,14.895611558214112
409,14.94442944249061
410,14.993229208775247
411,15.042023705345663
412,15.090838404154862
413,15.139713595419462
414,15.188706885725912
415,15.237895963022568
416,15.287381543314991
417,15.337290313793627
418,15.38777747387211
419,15.439028031993097
420,15.49125512986903
421,15.544691963456067
422,15.59957073905256
423,15.656076717290654
424,15.714257334574011
425,15.773858486603118
426,15.834067831039548
427,15.8932184776589
428,15.948742159223087
429,15.998010991494215
430,16.04013816759005
431,16.075497478676276
432,16.100289495138753
433,16.1087997037042
434,16.104465942724875
435,16.09463714647951
436,16.082805783058607
437,16.070201033816545
438,16.057419183406314
439,16.044778070954884
440,16.032454250921536
441,16.020546042555672
442,16.009106217163414
443,15.998160054327876
444,15.987715875452011
445,15.977771410159898
446,15.968317762434847
447,15.959341935497115
448,15.95082846759705
449,15.942760504788803
450,15.935120510233485
451,15.927890734722983
452,15.921053528210951
453,15.91459154426328
454,15.908487871773644
455,15.902726116964788
456,15.897290451291859
457,15.892165635944073
458,15.887337030332766
459,15.88279058970171
460,15.878512855448193
461,15.874490940670194
462,15.870712512704356
463,15.867165773892747
464,15.863839441442908
465,15.860722726980839
466,15.857805316208124
467,15.85507734893981
468,15.852529399703522
469,15.850152459012044
470,15.847937915373205
471,15.845877538066794
472,15.843963460694173
473,15.842188165490484
474,15.840544468377976
475,15.839025504732447
476,15.83762471583055
477,15.83633583594335
478,15.835152880041239
479,15.834070132075295
480,15.83308213380114
481,15.83218367411303
482,15.831369778857134
483,15.830635701095247
484,15.829976911791722
485,15.829389090898434
486,15.82886811881455
487,15.828410068199407
488,15.828011196118608
489,15.82766793650526
490,15.827376892919236
491,15.827134831589214
492,15.82693867472319
493,15.826785494074517
494,15.826672504751345
495,15.826597059258566
496,15.826556641761917
497,15.826548862564868
498,15.826571452789786
499,15.826622259254872
500,15.826699239539758
501,15.826800457232547
502,15.826924077351595
503,15.827068361936185
504,15.827231665799896
505,15.827412432441466
506,15.827609190107653
507,15.827820548003412
508,15.828045192644288
509,15.828281884346849
510,15.828529453852466
511,15.828786799080302
512,15.829052882005671
513,15.82932672565957
514,15.829607411245549
515,15.829894075370547
516,15.83018590738564
517,15.830482146833587
518,15.830782080999516
519,15.831085042561504
520,15.831390407337842
521,15.831697592127654
522,15.832006052641956
523,15.83231528152201
524,15.83262480644207
525,15.8329341882935
526,15.833243019447677
527,15.83355092209472
528,15.833857546655393
529,15.834162570263564
530,15.834465695316766
531,15.83476664809221
532,15.835065177425841
533,15.835361053452116
534,15.835654066402261
535,15.83594402545852
536,15.83623075766258
537,15.836514106875628
538,15.836793932788344
539,15.83707010997866
540,15.837342527015295
541,15.837611085605435
542,15.837875699784293
543,15.838136295145407
544,15.838392808109237
545,15.838645185229229
546,15.838893382532948
547,15.839137364897308
548,15.839377105456244
549,15.839612585039273
550,15.839843791639744
551,15.84007071991134
552,15.840293370691597
553,15.84051175055116
554,15.840725871367603
555,15.840935749922771
556,15.841141407522374
557,15.841342869636897
558,15.84154016556279
559,15.841733328102976
560,15.841922393265705
561,15.842107399980819
562,15.842288389832857
563,15.842465406809747
564,15.842638497066565
565,15.842807708703592
566,15.842973091558022
567,15.843134697008232
568,15.843292577790608
569,15.843446787827693
570,15.843597382067388
571,15.843744416332603
572,15.8438879471807
573,15.844028031772252
574,15.844164727748732
575,15.84429809311836
576,15.844428186150179
577,15.84455506527526
578,15.844678788995209
579,15.844799415797274
580,15.844917004075642
581,15.845031612058907
582,15.845143297742961
583,15.84525211882927
584,15.845358132668112
585,15.845461396206435
586,15.845561965940293
587,15.84565989787133
588,15.845755247467213
589,15.845848069625665
590,15.845938418642103
591,15.84602634818044
592,15.84611191124686
593,15.846195160166538
594,15.846276146563081
595,15.846354921340321
596,15.846431534666529
597,15.846506035960864
598,15.846578473881817
599,15.846648896317497
600,15.846717350377865
601,15.846783882388449
602,15.84684853788572
603,15.846911361613797
604,15.846972397522638
605,15.847031688767261
606,15.847089277708303
607,15.847145205913455
608,15.847199514160032
609,15.84725224243834
610,15.847303429955854
611,15.84735311514229
612,15.84740133565516
613,15.847448128386127
614,15.84749352946794
615,15.847537574281716
616,15.847580297464955
617,15.847621732919695
618,15.84766191382133
619,15.84770087262758
620,15.847738641087854
621,15.847775250252818
622,15.847810730484266
623,15.847845111465166
624,15.84787842220987
625,15.847910691074487
626,15.847941945767339
627,15.847972213359608
628,15.848001520295945
629,15.848029892405222
630,15.848057354911264
631,15.8480839324436
632,15.848109649048343
633,15.848134528198804
634,15.848158592806342
635,15.848181865231009
636,15.848204367292244
637,15.848226120279366
638,15.848247144962215
639,15.848267461601484
640,15.848287089959076
641,15.848306049308386
642,15.848324358444437
643,15.848342035693866
644,15.848359098924917
645,15.84837556555718
646,15.848391452571287
647,15.848406776518443
648,15.848421553529873
649,15.848435799326039
650,15.84844952922584
651,15.8484627581556
652,15.848475500657914
653,15.848487770900336
654,15.84849958268401
655,15.848510949452084
656,15.848521884297952
657,15.848532399973454
658,15.848542508896749
659,15.848552223160357
660,15.848561554538652
661,15.848570514495535
662,15.848579114191782
663,15.848587364492376
664,15.848595275973587
665,15.848602858929901
666,15.848610123380986
667,15.848617079078263
668,15.848623735511543
669,15.848630101915425
670,15.848636187275599
671,15.84864200033497
672,15.848647549599756
673,15.848652843345272
674,15.848657889621816
675,15.848662696260192
676,15.84866727087734
677,15.84867162088163
678,15.84867575347818
679,15.848679675674006
680,15.848683394283047
681,15.84868691593111
682,15.848690247060649
683,15.848693393935433
684,15.84869636264522
685,15.848699159110163
686,15.848701789085204
687,15.848704258164348
688,15.848706571784849
689,15.84870873523127
690,15.84871075363943
691,15.848712632000277
692,15.848714375163796
693,15.848715987842516
694,15.848717474615222
695,15.84871883993049
696,15.848720088110033
697,15.84872122335213
698,15.848722249734829
699,15.84872317121916
700,15.84872399165222
701,15.848724714770231
702,15.848725344201437
703,15.848725883469067
704,15.848726335994026
705,15.84872670509774
706,15.848726994004737
707,15.848727205845313
708,15.848727343658007
709,15.848727410392101
710,15.848727408910033
711,15.848727341989724
712,15.848727212326844
713,15.8487270225371
714,15.848726775158301
715,15.848726472652613
716,15.84872611740849
717,15.848725711742743
718,15.848725257902455
719,15.848724758066965
720,15.848724214349602
721,15.848723628799586
722,15.848723003403764
723,15.848722340088258
724,15.848721640720283
725,15.848720907109573
726,15.848720141010125
727,15.848719344121665
728,15.848718518091163
729,15.848717664514298
730,15.848716784936851
731,15.848715880856126
732,15.848714953722318
733,15.848714004939735
734,15.848713035868167
735,15.848712047824062
736,15.848711042081835
737,15.848710019874895
738,15.848708982396928
739,15.848707930802957
740,15.848706866210428
741,15.848705789700254
742,15.848704702317907
743,15.848703605074354
744,15.848702498947036
745,15.84870138488084
746,15.848700263789027
747,15.848699136554147
748,15.84869800402884
749,15.848696867036756
750,15.84869572637335
751,15.848694582806711
752,15.848693437078339
753,15.84869228990387
754,15.848691141973871
755,15.848689993954522
756,15.848688846488368
757,15.848687700194937
758,15.848686555671442
759,15.848685413493458
760,15.84868427421547
761,15.848683138371545
762,15.84868200647592
763,15.84868087902357
764,15.848679756490753
765,15.848678639335635
766,15.848677527998708
767,15.848676422903399
768,15.848675324456512
769,15.848674233048788
770,15.848673149055319
771,15.84867207283602
772,15.848671004736111
773,15.848669945086534
774,15.848668894204396
775,15.848667852393351
776,15.848666819944011
777,15.848665797134379
778,15.848664784230198
779,15.848663781485293
780,15.848662789141995
781,15.848661807431435
782,15.84866083657392
783,15.848659876779257
784,15.848658928247048
785,15.848657991167034
786,15.84865706571942
787,15.84865615207507
788,15.848655250395943
789,15.848654360835235
790,15.848653483537722
791,15.848652618640063
792,15.848651766270926
793,15.84865092655136
794,15.848650099594968
795,15.848649285508216
796,15.84864848439056
797,15.848647696334758
798,15.848646921427033
799,15.8486461597473
800,15.84864541136938
801,15.848644676361156
802,15.848643954784865
803,15.848643246697149
804,15.848642552149363
805,15.848641871187638
806,15.848641203853145
807,15.848640550182232
808,15.848639910206552
809,15.848639283953284
810,15.848638671445219
811,15.848638072700966
812,15.848637487735036
813,15.84863691655806
814,15.848636359176847
815,15.848635815594577
816,15.848635285810879
817,15.848634769821977
818,15.848634267620843
819,15.848633779197264
820,15.848633304537957
821,15.848632843626781
822,15.84863239644463
823,15.848631962969794
824,15.848631543177895
825,15.84863113704197
826,15.84863074453272
827,15.848630365618437
828,15.84863000026518
829,15.848629648436862
830,15.848629310095303
831,15.848628985200325
832,15.848628673709849
833,15.848628375579931
834,15.848628090764887
835,15.84862781921733
836,15.84862756088825
837,15.848627315727105
838,15.848627083681823
839,15.848626864698979
840,15.848626658723719
841,15.848626465699933
842,15.848626285570258
843,15.848626118276147
844,15.848625963757936
845,15.848625821954865
846,15.848625692805182
847,15.848625576246139
848,15.84862547221408
849,15.848625380644433
850,15.848625301471877
851,15.848625234630244
852,15.848625180052608
853,15.848625137671405
854,15.848625107418346
855,15.84862508922455
856,15.848625083020577
857,15.848625088736389
858,15.848625106301466
859,15.848625135644777
860,15.848625176694913
861,15.848625229379973
862,15.848625293627713
863,15.848625369365559
864,15.848625456520578
865,15.848625555019535
866,15.848625664788969
867,15.848625785755155
868,15.848625917844142
869,15.848626060981784
870,15.848626215093805
871,15.84862638010573
872,15.848626555943016
873,15.848626742530996
874,15.848626939794901
875,15.848627147659919
876,15.848627366051204
877,15.848627594893879
878,15.848627834113069
879,15.848628083633896
880,15.848628343381531
881,15.84862861328117
882,15.848628893258077
883,15.848629183237591
884,15.84862948314515
885,15.848629792906292
886,15.848630112446662
887,15.848630441692023
888,15.848630780568335
889,15.84863112900165
890,15.848631486918212
891,15.848631854244452
892,15.84863223090696
893,15.84863261683255
894,15.848633011948232
895,15.848633416181215
896,15.848633829458976
897,15.84863425170916
898,15.848634682859753
899,15.848635122838877
900,15.848635571574988
901,15.8486360289968
902,15.848636495033238
903,15.848636969613588
904,15.84863745266735
905,15.848637944124393
906,15.848638443914808
907,15.848638951968997
908,15.848639468217703
909,15.848639992591973
910,15.848640525023146
911,15.848641065442889
912,15.848641613783238
913,15.848642169976472
914,15.848642733955282
915,15.848643305652669
916,15.848643885001959
917,15.848644471936838
918,15.84864506639131
919,15.84864566829978
920,15.848646277596952
921,15.848646894217907
922,15.848647518098078
923,15.848648149173268
924,15.848648787379616
925,15.848649432653644
926,15.848650084932224
927,15.848650744152591
928,15.848651410252367
929,15.848652083169522
930,15.848652762842383
931,15.848653449209676
932,15.848654142210503
933,15.848654841784269
934,15.848655547870841
935,15.8486562604104
936,15.84865697934353
937,15.848657704611137
938,15.848658436154576
939,15.848659173915527
940,15.848659917836034
941,15.848660667858553
942,15.848661423925885
943,15.848662185981215
944,15.848662953968086
945,15.84866372783045
946,15.84866450751256
947,15.848665292959137
948,15.848666084115175
949,15.84866688092612
950,15.848667683337734
951,15.848668491296152
952,15.848669304747913
953,15.84867012363989
954,15.848670947919329
955,15.848671777533841
956,15.8486726124314
957,15.84867345256036
958,15.84867429786941
959,15.848675148307603
960,15.848676003824377
961,15.848676864369516
962,15.848677729893119
963,15.848678600345728
964,15.848679475678152
965,15.848680355841589
966,15.848681240787611
967,15.848682130468097
968,15.848683024835292
969,15.848683923841808
970,15.848684827440563
971,15.848685735584851
972,15.8486866482283
973,15.848687565324868
974,15.848688486828872
975,15.848689412694942
976,15.848690342878033
977,15.848691277333502
978,15.848692216016962
979,15.848693158884394
980,15.848694105892106
981,15.84869505699671
982,15.848696012155184
983,15.848696971324795
984,15.848697934463136
985,15.848698901528142
986,15.84869987247804
987,15.848700847271392
988,15.848701825867053
989,15.84870280822422
990,15.848703794302374
991,15.84870478406132
992,15.84870577746117
993,15.848706774462324
994,15.848707775025536
995,15.848708779111792
996,15.848709786682416
997,15.848710797699031
998,15.848711812123543
999,15.848712829918167
1000,15.848713851045401
1001,15.848714875468028
1002,15.848715903149134
1003,15.84871693405208
1004,15.848717968140523
1005,15.848719005378397
1006,15.848720045729895
1007,15.848721089159554
1008,15.848722135632109
1009,15.848723185112618
1010,15.848724237566394
1011,15.84872529295904
1012,15.848726351256419
1013,15.848727412424658
1014,15.848728476430159
1015,15.848729543239589
1016,15.848730612819859
1017,15.848731685138175
1018,15.848732760161962
1019,15.848733837858926
1020,15.848734918197042
1021,15.848736001144516
1022,15.848737086669793
1023,15.848738174741616
1024,15.848739265328936
1025,15.848740358400951
1026,15.848741453927145
1027,15.848742551877187
1028,15.848743652221012
1029,15.848744754928832
1030,15.848745859971036
1031,15.848746967318299
1032,15.848748076941487
1033,15.84874918881174
1034,15.8487503029004
1035,15.84875141917904
1036,15.848752537619484
1037,15.848753658193761
1038,15.848754780874131
1039,15.848755905633082
1040,15.848757032443308
1041,15.84875816127774
1042,15.848759292109513
1043,15.848760424911992
1044,15.848761559658742
1045,15.84876269632355
1046,15.848763834880426
1047,15.848764975303546
1048,15.848766117567344
1049,15.848767261646447
1050,15.848768407515673
1051,15.848769555150053
1052,15.84877070452482
1053,15.848771855615409
1054,15.848773008397448
1055,15.848774162846755
1056,15.848775318939394
1057,15.848776476651537
1058,15.848777635959635
1059,15.84877879684029
1060,15.848779959270262
1061,15.84878112322657
1062,15.84878228868639
1063,15.848783455627043
1064,15.848784624026083
1065,15.848785793861264
1066,15.848786965110463
1067,15.848788137751757
1068,15.848789311763436
1069,15.84879048712394
1070,15.848791663811877
1071,15.848792841806041
1072,15.848794021085402
1073,15.848795201629091
1074,15.848796383416424
1075,15.848797566426887
1076,15.848798750640096
1077,15.848799936035903
1078,15.84880112259428
1079,15.848802310295344
1080,15.848803499119434
1081,15.848804689046984
1082,15.848805880058654
1083,15.848807072135191
1084,15.848808265257587
1085,15.848809459406919
1086,15.848810654564437
1087,15.848811850711563
1088,15.848813047829868
1089,15.848814245901046
1090,15.848815444906997
1091,15.848816644829718
1092,15.848817845651359
1093,15.848819047354262
1094,15.848820249920859
1095,15.84882145333377
1096,15.84882265757573
1097,15.848823862629635
1098,15.84882506847852
1099,15.84882627510554
1100,15.84882748249402
1101,15.84882869062741
1102,15.848829899489273
1103,15.848831109063376
1104,15.848832319333532
1105,15.848833530283727
1106,15.848834741898118
1107,15.84883595416094
1108,15.848837167056594
1109,15.848838380569582
1110,15.848839594684552
1111,15.84884080938628
1112,15.84884202465968
1113,15.848843240489737
1114,15.84884445686162
1115,15.848845673760609
1116,15.8488468911721
1117,15.848848109081604
1118,15.848849327474769
1119,15.848850546337331
1120,15.848851765655208
1121,15.848852985414354
1122,15.848854205600912
1123,15.848855426201096
1124,15.848856647201258
1125,15.848857868587832
1126,15.848859090347439
1127,15.848860312466718
1128,15.848861534932489
1129,15.848862757731652
1130,15.84886398085123
1131,15.84886520427834
1132,15.848866428000221
1133,15.848867652004222
1134,15.84886887627779
1135,15.848870100808478
1136,15.848871325583936
1137,15.848872550591942
1138,15.848873775820353
1139,15.848875001257149
1140,15.848876226890376
1141,15.848877452708251
1142,15.848878678698988
1143,15.848879904850996
1144,15.848881131152753
1145,15.848882357592798
1146,15.8488835841598
1147,15.848884810842534
1148,15.848886037629843
1149,15.848887264510681
1150,15.848888491474106
1151,15.848889718509229
1152,15.848890945605294
1153,15.848892172751622
1154,15.848893399937626
1155,15.848894627152813
1156,15.84889585438677
1157,15.84889708162919
1158,15.848898308869824
1159,15.848899536098534
1160,15.848900763305274
1161,15.848901990480062
1162,15.848903217613039
1163,15.848904444694357
1164,15.848905671714355
1165,15.848906898663367
1166,15.848908125531867
1167,15.848909352310374
1168,15.848910578989495
1169,15.84891180555993
1170,15.848913032012472
1171,15.848914258337956
1172,15.84891548452733
1173,15.848916710571599
1174,15.848917936461854
1175,15.848919162189276
1176,15.8489203877451
1177,15.848921613120636
1178,15.848922838307296
1179,15.848924063296554
1180,15.84892528807993
1181,15.848926512649065
1182,15.848927736995641
1183,15.848928961111442
1184,15.848930184988266
1185,15.848931408618053
1186,15.84893263199277
1187,15.848933855104459
1188,15.84893507794525
1189,15.848936300507333
1190,15.848937522782947
1191,15.848938744764423
1192,15.848939966444167
1193,15.84894118781462
1194,15.848942408868332
1195,15.848943629597848
1196,15.848944849995867
1197,15.84894607005508
1198,15.848947289768319
1199,15.848948509128393
1200,15.848949728128234
1201,15.84895094676081
1202,15.848952165019154
1203,15.848953382896392
1204,15.848954600385662
1205,15.848955817480196
1206,15.848957034173285
1207,15.84895825045826
1208,15.848959466328548
1209,15.848960681777596
1210,15.84896189679892
1211,15.848963111386109
1212,15.848964325532801
1213,15.848965539232692
1214,15.848966752479539
1215,15.848967965267137
1216,15.848969177589373
1217,15.84897038944015
1218,15.84897160081343
1219,15.848972811703275
1220,15.848974022103752
1221,15.848975232009009
1222,15.848976441413232
1223,15.848977650310673
1224,15.848978858695618
1225,15.848980066562428
1226,15.848981273905496
1227,15.84898248071928
1228,15.848983686998297
1229,15.848984892737086
1230,15.848986097930247
1231,15.848987302572441
1232,15.848988506658403
1233,15.848989710182845
1234,15.848990913140582
1235,15.84899211552647
1236,15.84899331733543
1237,15.848994518562375
1238,15.848995719202307
1239,15.848996919250276
1240,15.848998118701363
1241,15.848999317550696
1242,15.849000515793469
1243,15.849001713424894
1244,15.849002910440253
1245,15.849004106834855
1246,15.849005302604063
1247,15.849006497743252
1248,15.84900769224791
1249,15.8490088861135
1250,15.849010079335583
1251,15.849011271909708
1252,15.849012463831503
1253,15.849013655096618
1254,15.849014845700797
1255,15.849016035639721
1256,15.849017224909215
1257,15.849018413505117
1258,15.849019601423253
1259,15.84902078865956
1260,15.849021975209965
1261,15.849023161070477
1262,15.849024346237101
1263,15.849025530705887
1264,15.849026714472991
1265,15.8490278975345
1266,15.849029079886614
1267,15.849030261525568
1268,15.849031442447592
1269,15.84903262264897
1270,15.849033802126051
1271,15.849034980875203
1272,15.849036158892812
1273,15.849037336175323
1274,15.849038512719213
1275,15.849039688520975
1276,15.849040863577178
1277,15.849042037884375
1278,15.849043211439213
1279,15.849044384238294
1280,15.849045556278337
1281,15.849046727556052
1282,15.849047898068171
1283,15.849049067811496
1284,15.849050236782823
1285,15.849051404979045
1286,15.849052572396998
1287,15.849053739033618
1288,15.849054904885842
1289,15.849056069950654
1290,15.849057234225068
1291,15.849058397706123
1292,15.84905956039087
1293,15.84906072227645
1294,15.849061883359969
1295,15.849063043638605
1296,15.849064203109556
1297,15.84906536177003
1298,15.849066519617294
1299,15.849067676648643
1300,15.849068832861368
1301,15.849069988252804
1302,15.849071142820359
1303,15.84907229656141
1304,15.849073449473378
1305,15.849074601553735
1306,15.849075752799962
1307,15.849076903209571
1308,15.84907805278009
1309,15.8490792015091
1310,15.849080349394203
1311,15.849081496432989
1312,15.849082642623145
1313,15.849083787962316
1314,15.849084932448221
1315,15.849086076078576
1316,15.84908721885113
1317,15.84908836076368
1318,15.849089501814
1319,15.849090641999942
1320,15.84909178131937
1321,15.84909291977015
1322,15.849094057350177
1323,15.849095194057377
1324,15.84909632988973
1325,15.849097464845192
1326,15.849098598921769
1327,15.84909973211748
1328,15.84910086443039
1329,15.849101995858549
1330,15.849103126400083
1331,15.849104256053081
1332,15.84910538481569
1333,15.849106512686083
1334,15.849107639662453
1335,15.84910876574298
1336,15.849109890925924
1337,15.84911101520953
1338,15.849112138592073
1339,15.849113261071842
1340,15.849114382647162
1341,15.849115503316376
1342,15.849116623077823
1343,15.84911774192993
1344,15.849118859871057
1345,15.849119976899642
1346,15.84912109301414
1347,15.849122208212993
1348,15.849123322494707
1349,15.849124435857767
1350,15.849125548300728
1351,15.849126659822105
1352,15.849127770420472
1353,15.849128880094426
1354,15.84912998884253
1355,15.849131096663465
1356,15.849132203555829
1357,15.849133309518301
1358,15.849134414549543
1359,15.849135518648264
1360,15.849136621813187
1361,15.849137724043034
1362,15.849138825336565
1363,15.849139925692544
1364,15.849141025109763
1365,15.849142123587034
1366,15.849143221123168
1367,15.849144317717009
1368,15.849145413367422
1369,15.849146508073284
1370,15.849147601833486
1371,15.849148694646933
1372,15.849149786512557
1373,15.8491508774293
1374,15.849151967396127
1375,15.849153056411986
1376,15.849154144475905
1377,15.849155231586895
1378,15.849156317743951
1379,15.849157402946124
1380,15.849158487192488
1381,15.849159570482104
1382,15.849160652814044
1383,15.849161734187437
1384,15.849162814601394
1385,15.849163894055033
1386,15.84916497254751
1387,15.849166050078004
1388,15.849167126645709
1389,15.84916820224976
1390,15.849169276889416
1391,15.849170350563881
1392,15.849171423272383
1393,15.849172495014196
1394,15.849173565788572
1395,15.849174635594796
1396,15.849175704432145
1397,15.849176772299952
1398,15.849177839197527
1399,15.849178905124182
1400,15.849179970079303
1401,15.849181034062216
1402,15.849182097072337
1403,15.849183159109034
1404,15.849184220171711
1405,15.84918528025976
1406,15.849186339372627
1407,15.849187397509757
1408,15.849188454670593
1409,15.84918951085461
1410,15.849190566061289
1411,15.849191620290098
1412,15.849192673540557
1413,15.849193725812173
1414,15.849194777104488
1415,15.849195827417027
1416,15.849196876749343
1417,15.849197925100986
1418,15.849198972471568
1419,15.849200018860637
1420,15.849201064267799
1421,15.849202108692685
1422,15.84920315213489
1423,15.849204194594066
1424,15.849205236069835
1425,15.849206276561862
1426,15.849207316069808
1427,15.849208354593362
1428,15.849209392132197
1429,15.84921042868601
1430,15.849211464254518
1431,15.849212498837451
1432,15.849213532434513
1433,15.849214565045441
1434,15.849215596670007
1435,15.849216627307978
1436,15.849217656959095
1437,15.849218685623157
1438,15.84921971329996
1439,15.849220739989283
1440,15.849221765690954
1441,15.849222790404799
1442,15.849223814130625
1443,15.849224836868295
1444,15.849225858617649
1445,15.84922687937854
1446,15.849227899150845
1447,15.84922891793443
1448,15.849229935729204
1449,15.849230952535043
1450,15.849231968351855
1451,15.84923298317955
1452,15.849233997018054
1453,15.84923500986731
1454,15.849236021727249
1455,15.84923703259784
1456,15.849238042478998
1457,15.849239051370711
1458,15.849240059272969
1459,15.849241066185746
1460,15.849242072109032
1461,15.849243077042825
1462,15.84924408098714
1463,15.849245083941994
1464,15.849246085907401
1465,15.849247086883402
1466,15.849248086870032
1467,15.84924908586735
1468,15.8492500838754
1469,15.849251080894266
1470,15.84925207692401
1471,15.849253071964696
1472,15.849254066016444
1473,15.849255059079319
1474,15.849256051153422
1475,15.849257042238902
1476,15.849258032335843
1477,15.849259021444375
1478,15.849260009564624
1479,15.849260996696747
1480,15.849261982840876
1481,15.849262967997184
1482,15.8492639521658
1483,15.84926493534693
1484,15.849265917540706
1485,15.84926689874732
1486,15.849267878967005
1487,15.849268858199883
1488,15.849269836446204
1489,15.849270813706172
1490,15.84927178997998
1491,15.849272765267875
1492,15.849273739570046
1493,15.849274712886771
1494,15.849275685218274
1495,15.849276656564795
1496,15.849277626926586
1497,15.849278596303895
1498,15.849279564697024
1499,15.84928053210621
1500,15.84928149853173
1501,15.849282463973905
1502,15.84928342843297
1503,15.849284391909258
1504,15.849285354403063
1505,15.84928631591467
1506,15.849287276444418
1507,15.84928823599261
1508,15.849289194559573
1509,15.849290152145638
1510,15.849291108751135
1511,15.849292064376417
1512,15.849293019021811
1513,15.84929397268768
1514,15.849294925374371
1515,15.84929587708225
1516,15.849296827811676
1517,15.849297777563054
1518,15.849298726336713
1519,15.849299674133071
1520,15.849300620952496
1521,15.849301566795393
1522,15.849302511662145
1523,15.84930345555317
1524,15.849304398468863
1525,15.849305340409638
1526,15.849306281375927
1527,15.849307221368136
1528,15.849308160386688
1529,15.849309098432036
1530,15.849310035504573
1531,15.84931097160479
1532,15.8493119067331
1533,15.849312840889958
1534,15.849313774075835
1535,15.84931470629116
1536,15.849315637536414
1537,15.849316567812075
1538,15.849317497118593
1539,15.849318425456449
1540,15.849319352826132
1541,15.849320279228097
1542,15.849321204662871
1543,15.849322129130936
1544,15.84932305263279
1545,15.84932397516891
1546,15.84932489673983
1547,15.849325817346047
1548,15.849326736988072
1549,15.849327655666423
1550,15.849328573381623
1551,15.849329490134185
1552,15.849330405924647
1553,15.849331320753555
1554,15.849332234621407
1555,15.849333147528796
1556,15.84933405947622
1557,15.849334970464234
1558,15.8493358804934
1559,15.849336789564282
1560,15.8493376976774
1561,15.849338604833338
1562,15.849339511032683
1563,15.849340416275957
1564,15.849341320563763
1565,15.849342223896672
1566,15.849343126275256
1567,15.849344027700097
1568,15.84934492817177
1569,15.84934582769089
1570,15.84934672625802
1571,15.849347623873765
1572,15.849348520538738
1573,15.849349416253528
1574,15.849350311018705
1575,15.849351204834925
1576,15.849352097702782
1577,15.849352989622885
1578,15.849353880595855
1579,15.849354770622295
1580,15.84935565970285
1581,15.849356547838138
1582,15.849357435028779
1583,15.849358321275407
1584,15.849359206578644
1585,15.84936009093916
1586,15.849360974357557
1587,15.84936185683448
1588,15.849362738370608
1589,15.849363618966532
1590,15.849364498622965
1591,15.849365377340506
1592,15.849366255119845
1593,15.849367131961618
1594,15.849368007866493
1595,15.849368882835144
1596,15.84936975686819
1597,15.849370629966366
1598,15.84937150213029
1599,15.849372373360659
1600,15.849373243658135
1601,15.849374113023408
1602,15.84937498145714
1603,15.849375848960042
1604,15.849376715532753
1605,15.849377581176013
1606,15.849378445890451
1607,15.849379309676811
1608,15.849380172535753
1609,15.849381034468
1610,15.8493818954742
1611,15.849382755555109
1612,15.8493836147114
1613,15.849384472943768
1614,15.849385330252948
1615,15.849386186639618
1616,15.849387042104516
1617,15.849387896648334
1618,15.84938875027179
1619,15.84938960297559
1620,15.84939045476046
1621,15.849391305627131
1622,15.849392155576309
1623,15.849393004608716
1624,15.84939385272509
1625,15.849394699926156
1626,15.849395546212648
1627,15.84939639158526
1628,15.849397236044757
1629,15.849398079591879
1630,15.84939892222733
1631,15.849399763951883
1632,15.849400604766254
1633,15.849401444671187
1634,15.849402283667448
1635,15.849403121755735
1636,15.849403958936843
1637,15.849404795211473
1638,15.84940563058042
1639,15.8494064650444
1640,15.849407298604167
1641,15.849408131260487
1642,15.849408963014122
1643,15.849409793865807
1644,15.849410623816333
1645,15.84941145286641
1646,15.84941228101683
1647,15.849413108268354
1648,15.849413934621746
1649,15.849414760077764
1650,15.849415584637178
1651,15.849416408300765
1652,15.849417231069273
1653,15.849418052943488
1654,15.84941887392417
1655,15.849419694012095
1656,15.849420513208054
1657,15.849421331512804
1658,15.849422148927118
1659,15.8494229654518
1660,15.849423781087586
1661,15.849424595835302
1662,15.849425409695698
1663,15.849426222669567
1664,15.849427034757696
1665,15.849427845960843
1666,15.849428656279843
1667,15.84942946571545
1668,15.849430274268455
1669,15.849431081939644
1670,15.849431888729805
1671,15.849432694639754
1672,15.849433499670251
1673,15.84943430382211
1674,15.84943510709612
1675,15.849435909493067
1676,15.849436711013729
1677,15.84943751165897
1678,15.849438311429529
1679,15.849439110326205
1680,15.84943990834983
1681,15.849440705501175
1682,15.849441501781047
1683,15.84944229719027
1684,15.849443091729619
1685,15.849443885399902
1686,15.849444678201953
1687,15.849445470136537
1688,15.849446261204479
1689,15.849447051406582
1690,15.849447840743665
1691,15.849448629216512
1692,15.849449416825959
1693,15.849450203572806
1694,15.849450989457853
1695,15.849451774481922
1696,15.849452558645824
1697,15.849453341950351
1698,15.849454124396356
1699,15.849454905984611
1700,15.849455686715984
1701,15.84945646659123
1702,15.849457245611205
1703,15.849458023776695
1704,15.849458801088533
1705,15.849459577547554
1706,15.84946035315455
1707,15.84946112791034
1708,15.84946190181575
1709,15.849462674871607
1710,15.849463447078719
1711,15.84946421843792
1712,15.849464988950027
1713,15.849465758615846
1714,15.849466527436203
1715,15.849467295411957
1716,15.849468062543874
1717,15.849468828832805
1718,15.849469594279576
1719,15.849470358885021
1720,15.849471122649952
1721,15.849471885575179
1722,15.849472647661553
1723,15.849473408909894
1724,15.849474169321004
1725,15.849474928895752
1726,15.84947568763493
1727,15.849476445539379
1728,15.849477202609927
1729,15.849477958847395
1730,15.849478714252614
1731,15.849479468826429
1732,15.849480222569635
1733,15.849480975483088
1734,15.849481727567598
1735,15.849482478824022
1736,15.849483229253172
1737,15.849483978855869
1738,15.849484727632959
1739,15.849485475585263
1740,15.849486222713626
1741,15.849486969018846
1742,15.849487714501802
1743,15.84948845916328
1744,15.849489203004136
1745,15.849489946025203
1746,15.849490688227307
1747,15.849491429611273
1748,15.849492170177955
1749,15.849492909928163
1750,15.849493648862726
1751,15.849494386982494
1752,15.849495124288293
1753,15.84949586078095
1754,15.84949659646131
1755,15.849497331330207
1756,15.849498065388444
1757,15.849498798636894
1758,15.849499531076363
1759,15.849500262707709
1760,15.849500993531734
1761,15.849501723549281
1762,15.849502452761211
1763,15.849503181168318
1764,15.849503908771467
1765,15.84950463557147
1766,15.849505361569165
1767,15.849506086765393
1768,15.849506811160987
1769,15.849507534756775
1770,15.849508257553593
1771,15.849508979552272
1772,15.849509700753645
1773,15.849510421158556
1774,15.849511140767806
1775,15.849511859582273
1776,15.84951257760276
1777,15.849513294830105
1778,15.84951401126515
1779,15.849514726908732
1780,15.849515441761648
1781,15.849516155824782
1782,15.849516869098938
1783,15.849517581584946
1784,15.849518293283642
1785,15.849519004195873
1786,15.849519714322437
1787,15.849520423664208
1788,15.849521132222
1789,15.849521839996626
1790,15.849522546988934
1791,15.849523253199768
1792,15.849523958629934
1793,15.849524663280292
1794,15.849525367151653
1795,15.849526070244838
1796,15.84952677256071
1797,15.849527474100078
1798,15.849528174863762
1799,15.849528874852615
1800,15.84952957406747
1801,15.849530272509112
1802,15.849530970178419
1803,15.849531667076207
1804,15.849532363203288
1805,15.849533058560526
1806,15.849533753148698
1807,15.849534446968669
1808,15.849535140021269
1809,15.849535832307325
1810,15.849536523827627
1811,15.849537214583046
1812,15.849537904574383
1813,15.849538593802485
1814,15.849539282268166
1815,15.849539969972268
1816,15.84954065691558
1817,15.849541343098945
1818,15.849542028523219
1819,15.849542713189184
1820,15.849543397097692
1821,15.849544080249554
1822,15.849544762645584
1823,15.849545444286633
1824,15.8495461251735
1825,15.849546805307025
1826,15.849547484688035
1827,15.849548163317307
1828,15.849548841195723
1829,15.849549518324082
1830,15.849550194703172
1831,15.849550870333864
1832,15.849551545216968
1833,15.849552219353273
1834,15.849552892743631
1835,15.849553565388833
1836,15.84955423728973
1837,15.84955490844712
1838,15.849555578861828
1839,15.84955624853467
1840,15.849556917466462
1841,15.849557585658033
1842,15.849558253110184
1843,15.849558919823727
1844,15.849559585799495
1845,15.849560251038294
1846,15.849560915540934
1847,15.849561579308247
1848,15.849562242341028
1849,15.849562904640102
1850,15.849563566206289
1851,15.849564227040384
1852,15.849564887143199
1853,15.849565546515564
1854,15.849566205158286
1855,15.849566863072164
1856,15.849567520258013
1857,15.849568176716653
1858,15.849568832448877
1859,15.849569487455515
1860,15.84957014173735
1861,15.849570795295222
1862,15.849571448129911
1863,15.849572100242229
1864,15.849572751633001
1865,15.849573402303017
1866,15.849574052253079
1867,15.849574701484011
1868,15.84957534999661
1869,15.84957599779167
1870,15.849576644870002
1871,15.849577291232396
1872,15.849577936879694
1873,15.849578581812654
1874,15.849579226032102
1875,15.849579869538843
1876,15.849580512333656
1877,15.849581154417368
1878,15.84958179579075
1879,15.849582436454616
1880,15.849583076409791
1881,15.849583715657014
1882,15.84958435419714
1883,15.849584992030932
1884,15.849585629159202
1885,15.849586265582728
1886,15.84958690130232
1887,15.849587536318781
1888,15.849588170632881
1889,15.849588804245434
1890,15.849589437157238
1891,15.849590069369073
1892,15.849590700881722
1893,15.849591331696008
1894,15.84959196181268
1895,15.849592591232565
1896,15.849593219956429
1897,15.849593847985084
1898,15.849594475319302
1899,15.849595101959864
1900,15.849595727907571
1901,15.849596353163212
1902,15.84959697772756
1903,15.849597601601417
1904,15.849598224785574
1905,15.84959884728079
1906,15.849599469087856
1907,15.849600090207574
1908,15.849600710640715
1909,15.849601330388046
1910,15.849601949450369
1911,15.849602567828466
1912,15.849603185523105
1913,15.849603802535064
1914,15.84960441886513
1915,15.84960503451411
1916,15.849605649482728
1917,15.8496062637718
1918,15.849606877382078
1919,15.849607490314352
1920,15.849608102569398
1921,15.849608714148
1922,15.849609325050915
1923,15.849609935278915
1924,15.849610544832782
1925,15.849611153713287
1926,15.849611761921212
1927,15.849612369457306
1928,15.849612976322366
1929,15.84961358251714
1930,15.849614188042406
1931,15.849614792898933
1932,15.849615397087485
1933,15.849616000608831
1934,15.849616603463748
1935,15.84961720565299
1936,15.849617807177326
1937,15.849618408037518
1938,15.849619008234336
1939,15.849619607768531
1940,15.849620206640889
1941,15.849620804852162
1942,15.849621402403082
1943,15.849621999294442
1944,15.84962259552701
1945,15.84962319110152
1946,15.849623786018746
1947,15.84962438027944
1948,15.849624973884367
1949,15.84962556683428
1950,15.849626159129931
1951,15.849626750772083
1952,15.849627341761476
1953,15.849627932098883
1954,15.849628521785034
1955,15.849629110820729
1956,15.849629699206664
1957,15.849630286943624
1958,15.84963087403235
1959,15.84963146047358
1960,15.849632046268106
1961,15.849632631416611
1962,15.849633215919903
1963,15.8496337997787
1964,15.849634382993756
1965,15.849634965565812
1966,15.849635547495614
1967,15.849636128783912
1968,15.849636709431458
1969,15.849637289438984
1970,15.849637868807228
1971,15.849638447536927
1972,15.84963902562885
1973,15.849639603083709
1974,15.84964017990226
1975,15.84964075608524
1976,15.849641331633398
1977,15.849641906547433
1978,15.849642480828114
1979,15.849643054476179
1980,15.849643627492357
1981,15.849644199877371
1982,15.849644771631981
1983,15.8496453427569
1984,15.849645913252864
1985,15.849646483120601
1986,15.849647052360876
1987,15.849647620974364
1988,15.849648188961838
1989,15.849648756324019
1990,15.849649323061623
1991,15.849649889175367
1992,15.849650454666014
1993,15.849651019534292
1994,15.84965158378088
1995,15.849652147406527
1996,15.84965271041198
1997,15.849653272797948
1998,15.849653834565135
1999,15.849654395714277
2000,15.849654956246104
